DALY Outcome,Model,R²,RMSE
All-cause DALYs,Linear Regression,0.48627569942264015,646.6780688321461
All-cause DALYs,Random Forest,0.7882875391595376,415.1416317771571
Cardiovascular DALYs,Linear Regression,0.45978940995151374,460.62705543210853
Cardiovascular DALYs,Random Forest,0.7910308265698545,286.48969743373686
Stroke DALYs,Linear Regression,0.4592273671188766,149.28544022163143
Stroke DALYs,Random Forest,0.7359445863448629,104.31761242500629
Respiratory DALYs,Linear Regression,0.3484670556043602,65.79083075088774
Respiratory DALYs,Random Forest,0.6524707484599486,48.04994142962195
