DALY Outcome,Model,R²,RMSE
All-cause DALYs,Linear Regression,0.4862148364958797,646.7163749374056
All-cause DALYs,Random Forest,0.7889438753581329,414.49763571190334
Cardiovascular DALYs,Linear Regression,0.45976089360087624,460.63921294024163
Cardiovascular DALYs,Random Forest,0.7929431969103522,285.1757868204525
Stroke DALYs,Linear Regression,0.45913311926092093,149.29844866466937
Stroke DALYs,Random Forest,0.7342330147602352,104.65515268437362
Respiratory DALYs,Linear Regression,0.34848605266965016,65.78987159615225
Respiratory DALYs,Random Forest,0.6520874394435036,48.076432581026666
